{
    "security": {
        "nameIdEncrypted": false,
        "authnRequestsSigned": false,
        "logoutRequestSigned": false,
        "logoutResponseSigned": false,
        "signMetadata": false,
        "wantMessagesSigned": false,
        "wantAssertionsSigned": false,
        "wantNameId" : true,
        "wantNameIdEncrypted": false,
        "wantAssertionsEncrypted": false,
        "allowSingleLabelDomains": false,
        "signatureAlgorithm": "http://www.w3.org/2001/04/xmldsig-more#rsa-sha256",
        "digestAlgorithm": "http://www.w3.org/2001/04/xmlenc#sha256",
        "rejectDeprecatedAlgorithm": true
    },
    "contactPerson": {
        "technical": {
            "givenName": "technical_name",
            "emailAddress": "technical@example.com"
        },
        "support": {
            "givenName": "support_name",
            "emailAddress": "support@example.com"
        }
    },
    "organization": {
        "en-US": {
            "name": "sp_test",
            "displayname": "SP test",
            "url": "http://sp.example.com"
        }
    }
}
